year,country,label,voc,gdp_pc_ppp,gdp_pc_unadjusted,pre_tax_gini,post_tax_gini,population
1980,AT,Austria,CME,40147.5193,31415.3636,0.4164,0.3276,7548406
1980,BE,Belgium,CME,39389.5405,30538.5369,0.4232,0.2833,9833093
1980,CH,Switzerland,CME,62149.8654,67629.501,0.406,0.3163,6319846
1980,DE,Germany,CME,38698.794,29777.7545,0.4034,0.3089,78315375
1980,DK,Denmark,CME,42610.4335,35792.9271,0.3703,0.2268,5123081
1980,FI,Finland,CME,33782.1484,28040.8477,0.3933,0.3008,4779350
1980,JP,Japan,CME,26905.4385,15633.4485,0.454,0.3966,118358756
1980,NL,Netherlands,CME,40955.8732,34210.1949,0.3685,0.2615,14162686
1980,NO,Norway,CME,50883.0637,43128.8232,0.3771,0.239,4085604
1980,SE,Sweden,CME,37392.1203,30107.7687,0.3534,0.2275,8310469
1980,AU,Australia,LME,36094.3762,33973.0333,0.42,0.3666,14721347
1980,CA,Canada,LME,39978.2614,33584.5852,0.4204,0.3362,24533776
1980,GB,United Kingdom,LME,30211.5479,26413.3458,0.408,0.3105,56282103
1980,NZ,New Zealand,LME,29692.7401,26736.0557,0.5113,0.4663,3146327
1980,US,United States,LME,39525.5,39525.5,0.454,0.3723,229858655
1981,AT,Austria,CME,39989.8908,31292.0196,0.4165,0.3241,7567556
1981,BE,Belgium,CME,39211.2014,30400.2714,0.4201,0.2767,9850669
1981,CH,Switzerland,CME,62802.969,68340.1875,0.4062,0.3178,6354556
1981,DE,Germany,CME,38837.7454,29884.6741,0.3997,0.3073,78448040
1981,DK,Denmark,CME,42338.5875,35564.5755,0.3718,0.2272,5121629
1981,FI,Finland,CME,34073.1375,28282.3829,0.3859,0.2896,4799848
1981,JP,Japan,CME,27888.3035,16204.5438,0.4486,0.3908,118994053
1981,NL,Netherlands,CME,40349.9182,33704.0443,0.3713,0.2671,14262689
1981,NO,Norway,CME,51518.9699,43667.8215,0.3685,0.2239,4099672
1981,SE,Sweden,CME,37517.0916,30208.3944,0.3501,0.2211,8320458
1981,AU,Australia,LME,36734.4327,34575.4723,0.4203,0.3666,14949202
1981,CA,Canada,LME,40849.0533,34316.1124,0.411,0.327,24844974
1981,GB,United Kingdom,LME,29961.5464,26194.7746,0.408,0.3025,56304592
1981,NZ,New Zealand,LME,30721.3501,27662.2408,0.5107,0.4671,3159840
1981,US,United States,LME,40119.6,40119.6,0.4605,0.3842,232201617
1982,AT,Austria,CME,40769.5276,31902.0839,0.4166,0.3263,7573078
1982,BE,Belgium,CME,39402.8329,30548.8424,0.4153,0.2705,9862327
1982,CH,Switzerland,CME,61626.9947,67060.5298,0.4074,0.3164,6391804
1982,DE,Germany,CME,38711.2104,29787.3086,0.3963,0.3069,78393674
1982,DK,Denmark,CME,43930.6446,36901.9095,0.3708,0.2295,5117894
1982,FI,Finland,CME,34932.5251,28995.7171,0.3884,0.2892,4826882
1982,JP,Japan,CME,28693.5513,16672.4344,0.4467,0.3888,119485775
1982,NL,Netherlands,CME,39651.4314,33120.6025,0.3742,0.2698,14333900
1982,NO,Norway,CME,51451.1169,43610.308900000004,0.3659,0.2221,4114736
1982,SE,Sweden,CME,37964.0502,30568.2811,0.3599,0.2269,8325183
1982,AU,Australia,LME,36276.2467,34144.2149,0.4254,0.3756,15192485
1982,CA,Canada,LME,39082.8359,32832.3641,0.4085,0.3233,25140164
1982,GB,United Kingdom,LME,30565.7166,26722.9884,0.4088,0.3001,56292755
1982,NZ,New Zealand,LME,31005.4082,27918.0135,0.5154,0.4714,3185123
1982,US,United States,LME,38996.3,38996.3,0.4677,0.3969,234583152
1983,AT,Austria,CME,42045.0972,32900.215,0.4164,0.3291,7561163
1983,BE,Belgium,CME,39496.0178,30621.0883,0.4152,0.2739,9869132
1983,CH,Switzerland,CME,61751.2058,67195.6924,0.409,0.3146,6419311
1983,DE,Germany,CME,39405.1302,30321.2625,0.4003,0.3139,78224133
1983,DK,Denmark,CME,45101.3096,37885.2726,0.3793,0.2231,5114467
1983,FI,Finland,CME,35800.1898,29715.9215,0.3909,0.2899,4855788
1983,JP,Japan,CME,29589.6584,17193.1188,0.4501,0.39,119948947
1983,NL,Netherlands,CME,40295.0417,33658.2063,0.3832,0.2848,14396901
1983,NO,Norway,CME,53319.0333,45193.5672,0.3589,0.229,4128336
1983,SE,Sweden,CME,38668.2558,31135.3005,0.3633,0.228,8328915
1983,AU,Australia,LME,36212.6452,34084.3514,0.421,0.3689,15414893
1983,CA,Canada,LME,39669.602,33325.2894,0.4136,0.327,25412608
1983,GB,United Kingdom,LME,31833.9532,27831.782,0.414,0.3048,56332058
1983,NZ,New Zealand,LME,31560.3171,28417.6668,0.5278,0.4433,3219278
1983,US,United States,LME,40370.3,40370.3,0.4803,0.4109,236986365
1984,AT,Austria,CME,42069.2422,32919.1084,0.416,0.3296,7560715
1984,BE,Belgium,CME,40447.8058,31359.0053,0.4162,0.2789,9874586
1984,CH,Switzerland,CME,63380.8519,68969.0212,0.4116,0.319,6442422
1984,DE,Germany,CME,40634.9056,31267.544,0.397,0.3091,77998198
1984,DK,Denmark,CME,47004.557,39484.0076,0.3823,0.2239,5111831
1984,FI,Finland,CME,36758.2552,30511.1629,0.3829,0.2842,4881825
1984,JP,Japan,CME,30809.9297,17902.1594,0.454,0.3931,120384394
1984,NL,Netherlands,CME,41339.4947,34530.6316,0.3857,0.2936,14462807
1984,NO,Norway,CME,56387.1468,47794.1206,0.3617,0.2343,4139972
1984,SE,Sweden,CME,40267.1067,32422.6795,0.3721,0.2358,8336487
1984,AU,Australia,LME,37492.1909,35288.6954,0.4235,0.3666,15620653
1984,CA,Canada,LME,41591.5418,34939.8556,0.4145,0.3298,25670375
1984,GB,United Kingdom,LME,32487.4582,28403.1282,0.4207,0.3117,56451313
1984,NZ,New Zealand,LME,32669.7963,29416.6685,0.5204,0.476,3249828
1984,US,United States,LME,42863.5,42863.5,0.4889,0.4267,239353967
1985,AT,Austria,CME,43097.6,33723.7965,0.4172,0.33,7564309
1985,BE,Belgium,CME,41089.7158,31856.6753,0.4294,0.2885,9880337
1985,CH,Switzerland,CME,65415.8937,71183.4888,0.4139,0.3233,6470957
1985,DE,Germany,CME,41652.7663,32050.7623,0.3995,0.3066,77863424
1985,DK,Denmark,CME,48866.8664,41048.3546,0.3883,0.2313,5113880
1985,FI,Finland,CME,37898.6736,31457.7664,0.3866,0.2833,4902261
1985,JP,Japan,CME,32302.2077,18769.25,0.4621,0.4012,120832163
1985,NL,Netherlands,CME,42183.9762,35236.0219,0.3862,0.2875,14538959
1985,NO,Norway,CME,59340.4569,50297.3659,0.3644,0.2386,4152400
1985,SE,Sweden,CME,41069.2859,33068.5864,0.371,0.2216,8350244
1985,AU,Australia,LME,38687.289,36413.5552,0.4263,0.3654,15835747
1985,CA,Canada,LME,43129.964,36232.2397,0.4172,0.3269,25927465
1985,GB,United Kingdom,LME,33742.0951,29500.0319,0.4236,0.3082,56606414
1985,NZ,New Zealand,LME,33251.5938,29940.533,0.5086,0.465,3268028
1985,US,United States,LME,44219.1,44219.1,0.4908,0.428,241690443
1986,AT,Austria,CME,44050.7789,34469.6574,0.4176,0.3277,7569395
1986,BE,Belgium,CME,41801.9645,32408.8786,0.438,0.2959,9886984
1986,CH,Switzerland,CME,66272.0014,72115.0779,0.4127,0.3167,6504750
1986,DE,Germany,CME,42572.5518,32758.5143,0.4049,0.307,77923807
1986,DK,Denmark,CME,51195.1901,43004.1555,0.3775,0.2101,5120688
1986,FI,Finland,CME,38808.2407,32212.752,0.3846,0.2751,4918255
1986,JP,Japan,CME,33229.7509,19308.2004,0.4692,0.4041,121366735
1986,NL,Netherlands,CME,43100.1698,36001.313,0.3849,0.279,14626494
1986,NO,Norway,CME,61518.99,52143.905,0.3349,0.2115,4167252
1986,SE,Sweden,CME,42076.6191,33879.6812,0.3706,0.2136,8369683
1986,AU,Australia,LME,39356.0619,37043.0228,0.434,0.3705,16069633
1986,CA,Canada,LME,43578.4166,36608.9718,0.4279,0.3377,26211031
1986,GB,United Kingdom,LME,34715.9145,30351.4225,0.4251,0.3113,56751923
1986,NZ,New Zealand,LME,32355.3953,29133.5743,0.4981,0.4524,3281508
1986,US,United States,LME,45325.8,45325.8,0.4923,0.4287,243953807
1987,AT,Austria,CME,44616.6775,34912.472,0.4131,0.3233,7574315
1987,BE,Belgium,CME,42710.8293,33113.5174,0.4383,0.3016,9899147
1987,CH,Switzerland,CME,66896.4252,72794.556,0.4122,0.3162,6545773
1987,DE,Germany,CME,43092.7824,33158.8187,0.4116,0.3079,78062324
1987,DK,Denmark,CME,51260.941,43059.3865,0.3794,0.2055,5127132
1987,FI,Finland,CME,40073.5905,33263.0546,0.389,0.2834,4932257
1987,JP,Japan,CME,34637.1734,20125.9856,0.4844,0.4113,121943587
1987,NL,Netherlands,CME,43638.7822,36451.2126,0.3843,0.2732,14724947
1987,NO,Norway,CME,62305.1975,52810.2997,0.3333,0.2209,4186824
1987,SE,Sweden,CME,43342.9607,34899.3271,0.3706,0.2112,8397648
1987,AU,Australia,LME,40387.6539,38013.986,0.4483,0.3749,16322269
1987,CA,Canada,LME,44789.7261,37626.558,0.4295,0.3383,26540921
1987,GB,United Kingdom,LME,36501.8045,31912.7901,0.4292,0.3172,56886024
1987,NZ,New Zealand,LME,32349.9769,29128.6955,0.4936,0.4394,3299443
1987,US,United States,LME,46473.2,46473.2,0.5003,0.43120000000000003,246161291
1988,AT,Austria,CME,46021.0662,36011.4038,0.4099,0.3211,7585342
1988,BE,Belgium,CME,44650.4054,34617.2623,0.4502,0.3187,9916565
1988,CH,Switzerland,CME,68583.5329,74630.4128,0.4087,0.3093,6594143
1988,DE,Germany,CME,44505.8732,34246.1568,0.4253,0.3195,78385992
1988,DK,Denmark,CME,51228.7939,43032.3828,0.3765,0.1901,5129640
1988,FI,Finland,CME,42048.0483,34901.9518,0.3929,0.2792,4946628
1988,JP,Japan,CME,36826.2264,21397.9383,0.4907,0.4138,122476952
1988,NL,Netherlands,CME,44833.0854,37448.8069,0.3829,0.271,14825923
1988,NO,Norway,CME,61811.8136,52392.1043,0.3239,0.2082,4209470
1988,SE,Sweden,CME,44248.2689,35628.2724,0.376,0.213,8436347
1988,AU,Australia,LME,41623.5932,39177.2865,0.4605,0.3845,16594099
1988,CA,Canada,LME,46092.7803,38721.2163,0.435,0.3445,26927945
1988,GB,United Kingdom,LME,38499.0673,33658.9566,0.4367,0.3247,57026546
1988,NZ,New Zealand,LME,32803.6978,29537.2366,0.4978,0.4433,3316026
1988,US,United States,LME,47979.4,47979.4,0.5145,0.4484,248393235
1989,AT,Austria,CME,47590.766,37239.6911,0.4157,0.3292,7620407
1989,BE,Belgium,CME,46107.1645,35746.6811,0.4526,0.3296,9936573
1989,CH,Switzerland,CME,70977.4296,77235.3748,0.4049,0.3083,6647788
1989,DE,Germany,CME,45876.5531,35300.8607,0.4355,0.3304,79007065
1989,DK,Denmark,CME,51528.4859,43284.1252,0.3793,0.1918,5132715
1989,FI,Finland,CME,44027.1618,36544.7136,0.3851,0.2718,4964526
1989,JP,Japan,CME,38467.4437,22351.5703,0.4965,0.4186,122947413
1989,NL,Netherlands,CME,46516.1365,38854.6495,0.3798,0.2711,14921111
1989,NO,Norway,CME,62195.8382,52717.606,0.3188,0.197,4226913
1989,SE,Sweden,CME,45120.9427,36330.9407,0.3698,0.2134,8492816
1989,AU,Australia,LME,42456.4394,39961.1846,0.4425,0.3655,16869362
1989,CA,Canada,LME,46405.7048,38984.0952,0.4441,0.3453,27366050
1989,GB,United Kingdom,LME,39384.0552,34432.6836,0.4354,0.3245,57182136
1989,NZ,New Zealand,LME,32911.862,29634.6303,0.5179,0.4079,3333826
1989,US,United States,LME,49288.7,49288.7,0.5111,0.4412,250675053
1990,AT,Austria,CME,49273.6454,38556.5413,0.4131,0.3261,7679624
1990,BE,Belgium,CME,47435.1538,36776.2654,0.4478,0.3202,9960968
1990,CH,Switzerland,CME,72865.6023,79290.0241,0.4048,0.3081,6713173
1990,DE,Germany,CME,47862.8881,36829.2958,0.4371,0.3384,79707959
1990,DK,Denmark,CME,52204.1424,43851.6792,0.3804,0.19,5141025
1990,FI,Finland,CME,44133.5992,36633.0618,0.37,0.2459,4986575
1990,JP,Japan,CME,40201.5853,23359.1961,0.4987,0.4246,123399765
1990,NL,Netherlands,CME,48108.0696,40184.3815,0.3791,0.2677,15030878
1990,NO,Norway,CME,63180.592,53552.29,0.3253,0.1932,4241440
1990,SE,Sweden,CME,45112.2292,36323.9247,0.3571,0.2082,8558567
1990,AU,Australia,LME,42450.1998,39955.3117,0.438,0.3596,17126298
1990,CA,Canada,LME,45774.0238,38453.4382,0.4498,0.3463,27789443
1990,GB,United Kingdom,LME,39544.5017,34572.9587,0.46,0.3622,57367862
1990,NZ,New Zealand,LME,32497.3566,29261.3997,0.5416,0.4521,3396979
1990,US,United States,LME,49683.5,49683.5,0.5126,0.4402,253373387
1991,AT,Austria,CME,50463.6101,39487.6865,0.4125,0.3226,7757140
1991,BE,Belgium,CME,48124.4178,37310.6487,0.4418,0.3127,9998961
1991,CH,Switzerland,CME,71313.4223,77600.9913,0.4021,0.3021,6796943
1991,DE,Germany,CME,49934.8818,38423.6432,0.4265,0.3229,80303196
1991,DK,Denmark,CME,52794.8727,44347.895,0.3773,0.186,5154345
1991,FI,Finland,CME,41315.0145,34293.4977,0.3597,0.2158,5013880
1991,JP,Japan,CME,41410.989,24061.9221,0.4873,0.4166,123889871
1991,NL,Netherlands,CME,48877.4974,40827.08,0.379,0.2642,15155090
1991,NO,Norway,CME,64820.8379,54942.5733,0.3244,0.1849,4261623
1991,SE,Sweden,CME,44293.0106,35664.2979,0.3643,0.2142,8616959
1991,AU,Australia,LME,41906.2192,39443.302,0.4497,0.368,17353193
1991,CA,Canada,LME,44233.8607,37159.5916,0.4571,0.3426,28157158
1991,GB,United Kingdom,LME,38981.1303,34080.4145,0.4659,0.3628,57555192
1991,NZ,New Zealand,LME,31378.0566,28253.5551,0.5318,0.4416,3480925
1991,US,United States,LME,49030.2,49030.2,0.5114,0.4339,256471422
1992,AT,Austria,CME,50962.1495,39877.7928,0.4116,0.3157,7842712
1992,BE,Belgium,CME,48636.312,37707.518,0.4402,0.3109,10045987
1992,CH,Switzerland,CME,70478.1356,76692.0589,0.4024,0.2976,6875051
1992,DE,Germany,CME,50497.9418,38856.9038,0.4205,0.3107,80934898
1992,DK,Denmark,CME,53650.9031,45066.9638,0.3795,0.1809,5171367
1992,FI,Finland,CME,39726.2142,32974.7152,0.3572,0.2062,5042148
1992,JP,Japan,CME,41596.4474,24169.683,0.453,0.3897,124383708
1992,NL,Netherlands,CME,49315.4814,41192.9254,0.3789,0.2677,15276785
1992,NO,Norway,CME,66752.0151,56579.452,0.328,0.193,4286261
1992,SE,Sweden,CME,43524.1938,35045.2542,0.3606,0.2062,8667574
1992,AU,Australia,LME,42369.2976,39879.1643,0.4445,0.3559,17549288
1992,CA,Canada,LME,44095.0249,37042.9596,0.4593,0.3417,28500059
1992,GB,United Kingdom,LME,39026.1248,34119.7523,0.4668,0.3611,57719272
1992,NZ,New Zealand,LME,31090.2057,27994.3672,0.5438,0.4499,3532244
1992,US,United States,LME,50144.4,50144.4,0.5236,0.4424,259606019
1993,AT,Austria,CME,50817.2795,39764.4322,0.4157,0.3161,7907495
1993,BE,Belgium,CME,47988.5866,37205.3394,0.4424,0.3101,10084931
1993,CH,Switzerland,CME,69758.3846,75908.8489,0.4028,0.2976,6938106
1993,DE,Germany,CME,49666.0472,38216.7817,0.4149,0.3058,81486773
1993,DK,Denmark,CME,53478.0862,44921.7969,0.3787,0.173,5188637
1993,FI,Finland,CME,39231.1448,32563.7832,0.3645,0.2199,5066590
1993,JP,Japan,CME,41229.8533,23956.6729,0.4585,0.3959,124839958
1993,NL,Netherlands,CME,49569.1729,41404.8324,0.3817,0.269,15389720
1993,NO,Norway,CME,68243.4978,57843.6426,0.3493,0.2098,4311862
1993,SE,Sweden,CME,42378.4433,34122.7071,0.3691,0.2074,8718036
1993,AU,Australia,LME,43637.853,41073.164,0.4511,0.3666,17722911
1993,CA,Canada,LME,44749.2504,37592.5556,0.4696,0.3458,28830637
1993,GB,United Kingdom,LME,39899.8278,34883.6132,0.4727,0.3661,57861037
1993,NZ,New Zealand,LME,32339.8175,29119.5477,0.55,0.4563,3573610
1993,US,United States,LME,50930.4,50930.4,0.5211,0.4345,262633231
1994,AT,Austria,CME,51835.3482,40561.0692,0.4149,0.3168,7938155
1994,BE,Belgium,CME,49383.3146,38286.6659,0.4458,0.3191,10116005
1994,CH,Switzerland,CME,70081.3131,76260.2494,0.4005,0.2918,6993587
1994,DE,Germany,CME,50675.5373,38993.5591,0.4113,0.3057,81773617
1994,DK,Denmark,CME,56139.7914,47157.6395,0.3847,0.1728,5206190
1994,FI,Finland,CME,40609.7863,33708.1236,0.3939,0.2359,5088458
1994,JP,Japan,CME,41490.7368,24108.2597,0.4622,0.4027,125286860
1994,NL,Netherlands,CME,50721.4512,42367.3235,0.3867,0.2847,15485449
1994,NO,Norway,CME,71286.6589,60423.0461,0.3655,0.2202,4336467
1994,SE,Sweden,CME,43732.131,35212.6832,0.3957,0.2319,8780190
1994,AU,Australia,LME,44916.1224,42276.3068,0.4553,0.3649,17897433
1994,CA,Canada,LME,46252.3327,38855.2517,0.4714,0.3496,29147381
1994,GB,United Kingdom,LME,41332.8513,36136.4766,0.4699,0.3655,58003203
1994,NZ,New Zealand,LME,33687.8404,30333.3399,0.5494,0.4501,3621030
1994,US,United States,LME,52415.2,52415.2,0.5201,0.434,265474810
1995,AT,Austria,CME,53135.7488,41578.6304,0.4159,0.3113,7950322
1995,BE,Belgium,CME,50454.0415,39116.7957,0.4444,0.3117,10137265
1995,CH,Switzerland,CME,69948.0183,76115.2023,0.3985,0.2922,7040477
1995,DE,Germany,CME,51303.6087,39476.8443,0.4084,0.298,82019890
1995,DK,Denmark,CME,57539.2395,48333.1812,0.3843,0.1774,5233360
1995,FI,Finland,CME,42167.2891,35000.9276,0.4048,0.2477,5107922
1995,JP,Japan,CME,42451.6197,24666.5822,0.4729,0.4125,125672665
1995,NL,Netherlands,CME,52034.5036,43464.1083,0.3866,0.2896,15565032
1995,NO,Norway,CME,73865.3278,62608.7431,0.3654,0.2227,4358993
1995,SE,Sweden,CME,45215.5695,36407.1333,0.4007,0.2484,8826302
1995,AU,Australia,LME,46147.382,43435.2027,0.4581,0.3553,18095344
1995,CA,Canada,LME,46995.6916,39479.7261,0.4791,0.3562,29459131
1995,GB,United Kingdom,LME,41521.0757,36301.0375,0.4758,0.3672,58154635
1995,NZ,New Zealand,LME,34769.0763,31306.9106,0.5484,0.4498,3674428
1995,US,United States,LME,53274.1,53274.1,0.5284,0.4405,268205795
1996,AT,Austria,CME,54312.6806,42499.5775,0.4169,0.31,7960914
1996,BE,Belgium,CME,51089.0284,39609.0982,0.4481,0.3076,10156969
1996,CH,Switzerland,CME,70058.1447,76235.0383,0.4129,0.3009,7071883
1996,DE,Germany,CME,51564.0727,39677.2649,0.4191,0.3098,82263189
1996,DK,Denmark,CME,58873.7592,49454.1829,0.3868,0.1795,5263068
1996,FI,Finland,CME,43626.1142,36211.8244,0.4074,0.2403,5124717
1996,JP,Japan,CME,43676.8317,25378.4937,0.4838,0.4242,125975302
1996,NL,Netherlands,CME,53596.7493,44769.0427,0.383,0.2859,15640027
1996,NO,Norway,CME,77187.2926,65424.4625,0.3829,0.2408,4381135
1996,SE,Sweden,CME,45856.8431,36923.4806,0.3943,0.237,8840327
1996,AU,Australia,LME,47385.8738,44600.9057,0.4562,0.3535,18305307
1996,CA,Canada,LME,47262.4826,39703.8495,0.484,0.3662,29767206
1996,GB,United Kingdom,LME,42487.9506,37146.3566,0.4813,0.3745,58298565
1996,NZ,New Zealand,LME,35503.1301,31967.8703,0.5374,0.4451,3729378
1996,US,United States,LME,54741.9,54741.9,0.5356,0.4484,270860696
1997,AT,Austria,CME,55463.2724,43399.9136,0.4208,0.3077,7969803
1997,BE,Belgium,CME,52944.4196,41047.5749,0.4479,0.3082,10181464
1997,CH,Switzerland,CME,71528.4699,77834.9992,0.4182,0.3091,7089163
1997,DE,Germany,CME,52407.4071,40326.1896,0.4286,0.3208,82389638
1997,DK,Denmark,CME,60540.8207,50854.5209,0.3971,0.1865,5285035
1997,FI,Finland,CME,46319.121,38447.1526,0.4198,0.2577,5139925
1997,JP,Japan,CME,44003.8952,25568.5344,0.4824,0.4246,126265929
1997,NL,Netherlands,CME,55619.7264,46458.8234,0.3852,0.2883,15723622
1997,NO,Norway,CME,80826.1703,68508.7995,0.3973,0.2496,4404986
1997,SE,Sweden,CME,47237.1292,38034.8734,0.4052,0.2404,8845524
1997,AU,Australia,LME,48888.5565,46015.2725,0.4546,0.3559,18504912
1997,CA,Canada,LME,48806.7368,41001.133,0.4902,0.3703,30059089
1997,GB,United Kingdom,LME,44467.2735,38876.8386,0.4816,0.3755,58447089
1997,NZ,New Zealand,LME,36134.0994,32536.0101,0.5471,0.4515,3776950
1997,US,United States,LME,56631.3,56631.3,0.5418,0.4545,273468013
1998,AT,Austria,CME,57353.305,44878.8608,0.4234,0.3109,7978466
1998,BE,Belgium,CME,53882.3614,41774.757,0.4507,0.3104,10203182
1998,CH,Switzerland,CME,73496.1499,79976.1658,0.4229,0.3105,7110291
1998,DE,Germany,CME,53709.1694,41327.8631,0.4375,0.3275,82011939
1998,DK,Denmark,CME,61659.4093,51794.1396,0.3951,0.1893,5304262
1998,FI,Finland,CME,48729.157,40447.6013,0.4247,0.2645,5153548
1998,JP,Japan,CME,43347.5631,25187.1716,0.4851,0.4319,126549181
1998,NL,Netherlands,CME,57833.2934,48307.8026,0.3828,0.2807,15827107
1998,NO,Norway,CME,82490.2511,69919.2854,0.3734,0.2297,4431313
1998,SE,Sweden,CME,49245.6423,39652.1084,0.4065,0.238,8850609
1998,AU,Australia,LME,50716.4788,47735.764,0.462,0.3626,18701717
1998,CA,Canada,LME,50255.4163,42218.1268,0.4918,0.3703,30329969
1998,GB,United Kingdom,LME,45844.4517,40080.8777,0.4875,0.3636,58626819
1998,NZ,New Zealand,LME,36358.4877,32738.0547,0.5628,0.4653,3811371
1998,US,United States,LME,58601,58601,0.5433,0.4574,276119333
1999,AT,Austria,CME,59407.0024,46485.8753,0.4107,0.2993,7993892
1999,BE,Belgium,CME,55673.3678,43163.3164,0.4534,0.3185,10226682
1999,CH,Switzerland,CME,74377.9775,80935.7425,0.4175,0.3078,7144121
1999,DE,Germany,CME,54946.3388,42279.8341,0.4363,0.3257,81678287
1999,DK,Denmark,CME,63267.9512,53145.321,0.4082,0.1995,5321810
1999,FI,Finland,CME,50759.614,42132.9806,0.4257,0.2674,5165516
1999,JP,Japan,CME,43116.9211,25053.1567,0.4911,0.4372,126801564
1999,NL,Netherlands,CME,60313.6605,50379.6384,0.3835,0.2832,15940184
1999,NO,Norway,CME,83624.3103,70880.5216,0.3836,0.2416,4461787
1999,SE,Sweden,CME,51296.1725,41303.1752,0.4091,0.2342,8857686
1999,AU,Australia,LME,52405.0735,49325.1164,0.465,0.3603,18909981
1999,CA,Canada,LME,52384.6087,44006.8,0.4927,0.3737,30599456
1999,GB,United Kingdom,LME,47079.9913,41161.085,0.4919,0.37,58838657
1999,NZ,New Zealand,LME,37639.7969,33891.7763,0.5299,0.4314,3835555
1999,US,United States,LME,60823.4,60823.4,0.5467,0.4623,278785484
2000,AT,Austria,CME,61155.3203,47853.931,0.4219,0.3114,8012928
2000,BE,Belgium,CME,57600.7593,44657.6145,0.4529,0.3222,10251717
2000,CH,Switzerland,CME,76892.1049,83671.5357,0.4239,0.3134,7184007
2000,DE,Germany,CME,56464.3407,43447.8986,0.4361,0.3284,81797258
2000,DK,Denmark,CME,65418.9856,54952.1981,0.412,0.198,5339658
2000,FI,Finland,CME,53568.6284,44464.601,0.4378,0.2693,5176202
2000,JP,Japan,CME,44229.96,25699.8897,0.5025,0.4442,127027789
2000,NL,Netherlands,CME,62380.2047,52105.8103,0.3842,0.2848,16058760
2000,NO,Norway,CME,85840.4216,72758.9122,0.4134,0.2494,4490867
2000,SE,Sweden,CME,53653.8114,43201.523,0.392,0.2238,8872101
2000,AU,Australia,LME,53325.487,50191.4353,0.4677,0.3537,19132471
2000,CA,Canada,LME,54575.4285,45847.2446,0.5017,0.3794,30891803
2000,GB,United Kingdom,LME,48931.4199,42779.7516,0.4823,0.3549,59057338
2000,NZ,New Zealand,LME,38541.4816,34703.6748,0.4975,0.3959,3857574
2000,US,United States,LME,62696.3,62696.3,0.5501,0.4674,281484131
2001,AT,Austria,CME,61700.6407,48280.6433,0.4149,0.2981,8042233
2001,BE,Belgium,CME,58002.0223,44968.7119,0.4473,0.3111,10287004
2001,CH,Switzerland,CME,77602.364,84444.417,0.4185,0.3099,7226391
2001,DE,Germany,CME,57318.2778,44104.9818,0.4374,0.3343,81933885
2001,DK,Denmark,CME,65721.625,55206.4163,0.3966,0.1962,5358828
2001,FI,Finland,CME,54827.7704,45509.7509,0.43120000000000003,0.2797,5187971
2001,JP,Japan,CME,44319.7156,25752.0424,0.5133,0.4545,127260148
2001,NL,Netherlands,CME,63342.9213,52909.9617,0.3942,0.2971,16182705
2001,NO,Norway,CME,87172.3965,73887.903,0.3891,0.2289,4513657
2001,SE,Sweden,CME,54285.1972,43709.9087,0.3832,0.2304,8896022
2001,AU,Australia,LME,54273.4115,51083.6483,0.4607,0.3588,19365433
2001,CA,Canada,LME,54979.6625,46186.8299,0.4982,0.3796,31213577
2001,GB,United Kingdom,LME,49997.8324,43712.0945,0.4867,0.3557,59288090
2001,NZ,New Zealand,LME,39523.4258,35587.841,0.5074,0.413,3891762
2001,US,United States,LME,62672.3,62672.3,0.5438,0.4611,284279639
2002,AT,Austria,CME,62314.2805,48760.8154,0.4218,0.3106,8081636
2002,BE,Belgium,CME,58732.6864,45535.1926,0.4422,0.3047,10332973
2002,CH,Switzerland,CME,76991.4126,83779.5992,0.4108,0.294,7278752
2002,DE,Germany,CME,57111.1063,43945.5686,0.4437,0.338,82068326
2002,DK,Denmark,CME,65817.6553,55287.0822,0.392,0.1925,5375959
2002,FI,Finland,CME,55620.8126,46168.015,0.4261,0.2774,5200546
2002,JP,Japan,CME,44260.2518,25717.4908,0.5229,0.4683,127484598
2002,NL,Netherlands,CME,63069.9524,52681.9524,0.3949,0.2955,16288051
2002,NO,Norway,CME,87898.9836,74503.7631,0.3925,0.2339,4538014
2002,SE,Sweden,CME,55297.3569,44524.8897,0.3853,0.2395,8925047
2002,AU,Australia,LME,55525.3753,52262.0315,0.4751,0.3704,19595355
2002,CA,Canada,LME,56060.6666,47094.9503,0.5002,0.3909,31535577
2002,GB,United Kingdom,LME,50677.8132,44306.588,0.4887,0.3584,59540763
2002,NZ,New Zealand,LME,40773.1731,36713.1434,0.4837,0.3823,3951119
2002,US,United States,LME,63112.5,63112.5,0.5402,0.4585,287084338
2003,AT,Austria,CME,62697.5825,49060.7485,0.4222,0.3091,8122602
2003,BE,Belgium,CME,59085.2108,45808.5031,0.445,0.3025,10376260
2003,CH,Switzerland,CME,76380.257,83114.5592,0.4281,0.3117,7333447
2003,DE,Germany,CME,56681.2779,43614.8263,0.434,0.3294,82111615
2003,DK,Denmark,CME,65894.6646,55351.7703,0.3826,0.1831,5390620
2003,FI,Finland,CME,56595.5612,46977.1044,0.4234,0.277,5212955
2003,JP,Japan,CME,44874.0171,26074.1201,0.5297,0.4741,127671251
2003,NL,Netherlands,CME,62863.6836,52509.6573,0.3987,0.3028,16366912
2003,NO,Norway,CME,88211.3819,74768.554,0.3972,0.2351,4564669
2003,SE,Sweden,CME,56363.829,45383.6026,0.3958,0.2508,8958431
2003,AU,Australia,LME,56916.0995,53571.0198,0.4701,0.3573,19819454
2003,CA,Canada,LME,56531.1414,47490.1826,0.503,0.3934,31836482
2003,GB,United Kingdom,LME,52028.0815,45487.1003,0.4991,0.3613,59820385
2003,NZ,New Zealand,LME,41929.4534,37754.286,0.4804,0.3831,4022586
2003,US,United States,LME,64245.3,64245.3,0.544,0.4622,289908100
2004,AT,Austria,CME,63911.1434,50010.3578,0.4241,0.3101,8173491
2004,BE,Belgium,CME,60936.0328,47243.4373,0.4481,0.3016,10421292
2004,CH,Switzerland,CME,77911.3098,84780.6021,0.4317,0.3126,7384194
2004,DE,Germany,CME,57360.4097,44137.4012,0.4449,0.3396,82092708
2004,DK,Denmark,CME,67477.8966,56681.6912,0.3908,0.1867,5404598
2004,FI,Finland,CME,58696.3729,48720.8816,0.431,0.2809,5228148
2004,JP,Japan,CME,45803.2018,26614.0244,0.5386,0.4797,127815774
2004,NL,Netherlands,CME,63882.5618,53360.7202,0.4018,0.3061,16425566
2004,NO,Norway,CME,91211.6203,77311.576,0.4167,0.2467,4591743
2004,SE,Sweden,CME,58576.8619,47165.515,0.401,0.249,8993808
2004,AU,Australia,LME,58338.5889,54909.9066,0.4745,0.3579,20046677
2004,CA,Canada,LME,57739.1432,48504.9901,0.5071,0.3913,32132678
2004,GB,United Kingdom,LME,52981.0674,46320.2766,0.4914,0.3558,60169967
2004,NZ,New Zealand,LME,42777.9703,38518.3109,0.4956,0.4051,4083910
2004,US,United States,LME,66064.5,66064.5,0.551,0.4666,292786253
2005,AT,Austria,CME,64923.4502,50802.4861,0.4204,0.3106,8229204
2005,BE,Belgium,CME,61981.5596,48054.0296,0.4455,0.3037,10478886
2005,CH,Switzerland,CME,79506.6626,86516.6141,0.4435,0.3272,7431823
2005,DE,Germany,CME,57812.5597,44485.3193,0.4674,0.3612,82046731
2005,DK,Denmark,CME,68863.9615,57845.991,0.4039,0.1962,5419555
2005,FI,Finland,CME,60094.6723,49881.539,0.423,0.2728,5246082
2005,JP,Japan,CME,46593.7235,27073.3583,0.5395,0.4756,127913330
2005,NL,Netherlands,CME,65033.812,54322.3525,0.4076,0.3087,16465710
2005,NO,Norway,CME,93024.9954,78848.6047,0.4597,0.2843,4623124
2005,SE,Sweden,CME,60011.5661,48320.7247,0.4115,0.2543,9029771
2005,AU,Australia,LME,59329.8362,55842.8961,0.4813,0.3654,20294490
2005,CA,Canada,LME,59024.4404,49584.7313,0.5104,0.3965,32440173
2005,GB,United Kingdom,LME,54049.216,47254.1373,0.5008,0.3511,60596108
2005,NZ,New Zealand,LME,43649.9216,39303.4368,0.4619,0.3324,4135007
2005,US,United States,LME,67688.1,67688.1,0.5616,0.4722,295716664
2006,AT,Austria,CME,66674.7862,52172.9035,0.4278,0.319,8269898
2006,BE,Belgium,CME,63105.1789,48925.1667,0.4479,0.2991,10548442
2006,CH,Switzerland,CME,82177.8655,89423.3319,0.4483,0.3344,7478509
2006,DE,Germany,CME,60272.1105,46377.8823,0.4704,0.3636,81701971
2006,DK,Denmark,CME,71323.5129,59912.0236,0.408,0.2135,5437420
2006,FI,Finland,CME,62232.2133,51655.8033,0.4338,0.2822,5266247
2006,JP,Japan,CME,47202.2593,27426.949,0.5402,0.474,127997247
2006,NL,Netherlands,CME,67169.7551,56106.493,0.4113,0.3094,16493852
2006,NO,Norway,CME,94550.5262,80141.6548,0.4225,0.2512,4660494
2006,SE,Sweden,CME,62457.9719,50290.5467,0.4209,0.2667,9080623
2006,AU,Australia,LME,60396.3842,56846.7609,0.4823,0.3686,20590559
2006,CA,Canada,LME,59989.4143,50395.378,0.5139,0.395,32759171
2006,GB,United Kingdom,LME,54926.5359,48021.1604,0.5034,0.3602,61051094
2006,NZ,New Zealand,LME,44330.4013,39916.157,0.4121,0.2807,4181940
2006,US,United States,LME,68870,68870,0.5678,0.4782,298730209
2007,AT,Austria,CME,68943.4564,53948.1339,0.4277,0.3224,8296952
2007,BE,Belgium,CME,64929.6931,50339.7045,0.4535,0.3047,10625493
2007,CH,Switzerland,CME,84611.3628,92071.386,0.4364,0.3211,7545381
2007,DE,Germany,CME,62374.0988,47995.3097,0.4842,0.3756,81298542
2007,DK,Denmark,CME,71653.2787,60189.0281,0.402,0.2085,5461607
2007,FI,Finland,CME,65238.4536,54151.1309,0.4324,0.2822,5288710
2007,JP,Japan,CME,47868.8975,27814.3002,0.5418,0.4733,128087682
2007,NL,Netherlands,CME,69545.8954,58091.2687,0.4235,0.3167,16531357
2007,NO,Norway,CME,96303.3957,81627.3986,0.4235,0.2617,4709010
2007,SE,Sweden,CME,64128.3625,51635.5288,0.4202,0.2747,9148274
2007,AU,Australia,LME,61526.7465,57910.6893,0.481,0.3679,20954549
2007,CA,Canada,LME,60616.0467,50921.7939,0.5139,0.3935,33092171
2007,GB,United Kingdom,LME,55921.7674,48891.2712,0.5004,0.3533,61535855
2007,NZ,New Zealand,LME,45440.2868,40915.5246,0.422,0.2909,4223266
2007,US,United States,LME,69529.8,69529.8,0.5645,0.4714,301844226
2008,AT,Austria,CME,69716.7825,54553.2602,0.4281,0.319,8323253
2008,BE,Belgium,CME,64699.8462,50161.5052,0.4367,0.2845,10709708
2008,CH,Switzerland,CME,85881.1334,93453.1098,0.4148,0.2892,7641728
2008,DE,Germany,CME,63118.6605,48568.2313,0.4838,0.3736,81110777
2008,DK,Denmark,CME,70869.1168,59530.3292,0.4048,0.2131,5493764
2008,FI,Finland,CME,65437.7488,54316.5557,0.4466,0.2904,5313377
2008,JP,Japan,CME,47257.7256,27459.1778,0.5329,0.4675,128155990
2008,NL,Netherlands,CME,70773.0988,59116.3443,0.3978,0.2909,16597258
2008,NO,Norway,CME,95568.2107,81004.251,0.4248,0.2586,4768101
2008,SE,Sweden,CME,63343.3753,51003.4649,0.4133,0.2749,9219900
2008,AU,Australia,LME,61962.172,58320.524,0.4876,0.3768,21370589
2008,CA,Canada,LME,60571.5671,50884.4278,0.5072,0.3923,33449085
2008,GB,United Kingdom,LME,55353.4771,48394.4264,0.4899,0.3285,62027306
2008,NZ,New Zealand,LME,44857.2024,40390.5014,0.4367,0.3142,4261824
2008,US,United States,LME,68901.2,68901.2,0.5624,0.4635,304970333
2009,AT,Austria,CME,66993.0613,52421.9531,0.4192,0.3107,8345066
2009,BE,Belgium,CME,62815.6548,48700.7,0.4321,0.2818,10812935
2009,CH,Switzerland,CME,82808.8214,90109.9179,0.4208,0.2976,7737645
2009,DE,Germany,CME,59653.8048,45902.1115,0.4849,0.3703,80935283
2009,DK,Denmark,CME,67033.131,56308.0864,0.3955,0.1916,5523173
2009,FI,Finland,CME,59823.2119,49656.2134,0.4357,0.2782,5338856
2009,JP,Japan,CME,44554.491,25888.459,0.513,0.4492,128192470
2009,NL,Netherlands,CME,67822.8756,56652.0406,0.3988,0.2842,16684150
2009,NO,Norway,CME,92539.2023,78436.8433,0.3967,0.2411,4828623
2009,SE,Sweden,CME,60080.6984,48376.3894,0.4052,0.2581,9298740
2009,AU,Australia,LME,62031.8713,58386.1269,0.4881,0.3917,21783011
2009,CA,Canada,LME,58143.3773,48844.5755,0.497,0.3702,33826370
2009,GB,United Kingdom,LME,52394.4031,45807.3679,0.5074,0.3374,62506226
2009,NZ,New Zealand,LME,44914.5694,40442.156,0.4679,0.3543,4304304
2009,US,United States,LME,66444.6,66444.6,0.557,0.4609,308023454
2010,AT,Austria,CME,67974.0893,53189.6059,0.4294,0.3184,8365092
2010,BE,Belgium,CME,63725.2119,49405.8756,0.4396,0.2866,10936626
2010,CH,Switzerland,CME,84448.2655,91893.9087,0.4403,0.3245,7825753
2010,DE,Germany,CME,62227.6139,47882.5932,0.4802,0.3716,80830924
2010,DK,Denmark,CME,67983.3581,57106.2808,0.4186,0.2094,5547863
2010,FI,Finland,CME,61375.8002,50944.9382,0.442,0.2861,5363350
2010,JP,Japan,CME,46382.9163,26950.8685,0.5136,0.4425,128185275
2010,NL,Netherlands,CME,68376.6529,57114.6074,0.4063,0.2933,16771235
2010,NO,Norway,CME,92112.6534,78075.2976,0.4131,0.2553,4889162
2010,SE,Sweden,CME,63117.1657,50821.3231,0.4212,0.2774,9378232
2010,AU,Australia,LME,62460.7737,58789.8218,0.4866,0.3873,22141581
2010,CA,Canada,LME,59290.535,49808.2697,0.502,0.3828,34196899
2010,GB,United Kingdom,LME,53142.0926,46461.0577,0.4675,0.3017,63006483
2010,NZ,New Zealand,LME,44996.0482,40515.5214,0.5077,0.3972,4347770
2010,US,United States,LME,67577.8,67577.8,0.5675,0.4704,311062790
2011,AT,Austria,CME,69574.3818,54441.832,0.4272,0.3206,8393270
2011,BE,Belgium,CME,64212.5983,49783.7441,0.4327,0.2756,11038631
2011,CH,Switzerland,CME,84827.8393,92306.9488,0.4389,0.3174,7914372
2011,DE,Germany,CME,64648.6602,49745.5278,0.4828,0.3742,80857874
2011,DK,Denmark,CME,68607.9321,57630.9253,0.4209,0.207,5570849
2011,FI,Finland,CME,62413.7905,51806.5213,0.4401,0.2826,5388241
2011,JP,Japan,CME,46426.0627,26975.9387,0.5113,0.4381,128096432
2011,NL,Netherlands,CME,69108.4254,57725.8527,0.4052,0.299,16851057
2011,NO,Norway,CME,91931.358,77921.6304,0.4172,0.2572,4952968
2011,SE,Sweden,CME,64644.3947,52051.0329,0.4147,0.2721,9449259
2011,AU,Australia,LME,63461.0967,59731.3537,0.4863,0.3855,22479775
2011,CA,Canada,LME,60521.2554,50842.1624,0.5014,0.3857,34555452
2011,GB,United Kingdom,LME,53324.9641,46620.9385,0.4754,0.3114,63509285
2011,NZ,New Zealand,LME,45630.133,41086.4667,0.4717,0.3634,4382700
2011,US,United States,LME,67960.5,67960.5,0.5731,0.4756,314105078
2012,AT,Austria,CME,69827.3556,54639.7835,0.4214,0.3131,8431601
2012,BE,Belgium,CME,64075.2439,49677.2538,0.4338,0.2764,11107518
2012,CH,Switzerland,CME,85084.3246,92586.0479,0.4314,0.3115,7998926
2012,DE,Germany,CME,64872.1543,49917.5009,0.4822,0.3716,80916390
2012,DK,Denmark,CME,68504.2077,57543.7965,0.4225,0.2078,5591917
2012,FI,Finland,CME,61288.8914,50872.7997,0.4346,0.2749,5413971
2012,JP,Japan,CME,47126.201,27382.7552,0.5124,0.4387,127928285
2012,NL,Netherlands,CME,68136.8412,56914.2942,0.4078,0.3037,16915194
2012,NO,Norway,CME,93197.6819,78994.975,0.4202,0.2644,5018458
2012,SE,Sweden,CME,63790.0286,51363.1057,0.394,0.2528,9519487
2012,AU,Australia,LME,64442.6301,60655.2003,0.4873,0.3879,22852644
2012,CA,Canada,LME,60939.7648,51193.7401,0.4968,0.3806,34922516
2012,GB,United Kingdom,LME,53749.8798,46992.4337,0.4866,0.3342,63960484
2012,NZ,New Zealand,LME,46510.4828,41879.1548,0.4392,0.3228,4411676
2012,US,United States,LME,68850.8,68850.8,0.584,0.4904,317115355
2013,AT,Austria,CME,69172.5596,54127.4068,0.4177,0.3066,8481406
2013,BE,Belgium,CME,63901.8895,49542.8529,0.4358,0.2712,11160276
2013,CH,Switzerland,CME,85534.1179,93075.4986,0.4325,0.309,8091202
2013,DE,Germany,CME,65055.3301,50058.4502,0.496,0.3803,81041582
2013,DK,Denmark,CME,68855.4277,57838.8226,0.4333,0.2117,5615333
2013,FI,Finland,CME,60346.8629,50090.8696,0.4309,0.2679,5439053
2013,JP,Japan,CME,48148.2502,27976.6186,0.5148,0.4384,127723645
2013,NL,Netherlands,CME,67840.2253,56666.5327,0.4046,0.3008,16967063
2013,NO,Norway,CME,93001.9351,78829.0587,0.415,0.272,5080124
2013,SE,Sweden,CME,64002.1699,51533.9198,0.3959,0.2506,9600620
2013,AU,Australia,LME,65037.3784,61214.994,0.4875,0.3918,23236270
2013,CA,Canada,LME,61703.7532,51835.5447,0.4975,0.3829,35293433
2013,GB,United Kingdom,LME,54348.9863,47516.2204,0.501,0.3479,64389388
2013,NZ,New Zealand,LME,47097.1569,42407.4102,0.4308,0.3281,4453851
2013,US,United States,LME,69650.9,69650.9,0.5773,0.4805,320110759
2014,AT,Austria,CME,69099.713,54070.4044,0.4147,0.3006,8547817
2014,BE,Belgium,CME,64690.2923,50154.0981,0.438,0.2746,11210119
2014,CH,Switzerland,CME,86417.7827,94037.0745,0.43120000000000003,0.3049,8190235
2014,DE,Germany,CME,66219.5362,50954.2776,0.4993,0.3824,81376080
2014,DK,Denmark,CME,69617.6555,58479.0968,0.4392,0.2033,5643794
2014,FI,Finland,CME,59762.6861,49605.9741,0.4345,0.2698,5461684
2014,JP,Japan,CME,48380.6333,28111.6451,0.5144,0.4369,127486605
2014,NL,Netherlands,CME,68551.1782,57260.3874,0.4123,0.3051,17030089
2014,NO,Norway,CME,93848.8362,79546.8977,0.4142,0.2815,5137395
2014,SE,Sweden,CME,65053.9864,52380.8321,0.4013,0.2549,9696433
2014,AU,Australia,LME,65577.1048,61722.9995,0.488,0.3902,23595601
2014,CA,Canada,LME,62867.5365,52813.2055,0.4946,0.3808,35634264
2014,GB,United Kingdom,LME,55673.6468,48674.3443,0.4812,0.3334,64865916
2014,NZ,New Zealand,LME,47891.9642,43123.0737,0.429,0.3251,4522983
2014,US,United States,LME,70744.6,70744.6,0.5841,0.4854,323115377
2015,AT,Austria,CME,69197.9393,54147.2663,0.4167,0.3015,8644039
2015,BE,Belgium,CME,65242.202,50581.9912,0.4384,0.2783,11275335
2015,CH,Switzerland,CME,86816.2381,94470.661,0.4301,0.3023,8283934
2015,DE,Germany,CME,66633.042,51272.46,0.4977,0.3791,82077550
2015,DK,Denmark,CME,70748.1022,59428.6764,0.436,0.211,5683701
2015,FI,Finland,CME,59823.8585,49656.7502,0.4422,0.2755,5479717
2015,JP,Japan,CME,49216.9428,28597.5842,0.5157,0.4365,127275872
2015,NL,Netherlands,CME,69578.2815,58118.3206,0.4107,0.2985,17107433
2015,NO,Norway,CME,94627.0545,80206.5207,0.3989,0.2743,5189771
2015,SE,Sweden,CME,67259.6798,54156.8348,0.4099,0.2564,9799481
2015,AU,Australia,LME,66222.55,62330.5105,0.4893,0.3923,23948002
2015,CA,Canada,LME,62704.8505,52676.5377,0.4935,0.37,35962234
2015,GB,United Kingdom,LME,56460.5437,49362.3124,0.4703,0.3275,65382110
2015,NZ,New Zealand,LME,48856.2988,43991.3837,0.4272,0.3315,4614029
2015,US,United States,LME,72156,72156,0.5831,0.4827,326126497
2016,AT,Austria,CME,69967.6985,54749.6016,0.4275,0.3148,8737915
2016,BE,Belgium,CME,65746.7576,50973.171,0.4384,0.2795,11332701
2016,CH,Switzerland,CME,87729.7054,95464.667,0.4308,0.2976,8374901
2016,DE,Germany,CME,67557.1524,51983.5398,0.4957,0.376,82760102
2016,DK,Denmark,CME,72477.1447,60881.0787,0.439,0.2162,5728201
2016,FI,Finland,CME,61242.4625,50834.2614,0.4399,0.2723,5495469
2016,JP,Japan,CME,49633.1245,28839.4072,0.5149,0.4365,127159951
2016,NL,Netherlands,CME,70701.3866,59056.4436,0.4111,0.2971,17204693
2016,NO,Norway,CME,94884.325,80424.5849,0.399,0.2726,5235983
2016,SE,Sweden,CME,67795.8751,54588.574,0.3937,0.2356,9923280
2016,AU,Australia,LME,66859.203,62929.7461,0.483,0.3878,24329963
2016,CA,Canada,LME,62651.4053,52631.6399,0.4826,0.3552,36353343
2016,GB,United Kingdom,LME,57098.713,49920.2509,0.4688,0.3258,65893358
2016,NZ,New Zealand,LME,49701.4292,44752.3594,0.4254,0.3301,4714770
2016,US,United States,LME,72787.6,72787.6,0.5851,0.4848,329179427
2017,AT,Austria,CME,70947.0803,55515.9661,0.4182,0.3059,8798778
2017,BE,Belgium,CME,66350.8674,51441.5347,0.4363,0.2716,11376581
2017,CH,Switzerland,CME,87954.0408,95708.7815,0.4266,0.285,8453628
2017,DE,Germany,CME,69080.7346,53155.8983,0.4926,0.3715,83104007
2017,DK,Denmark,CME,74044.4402,62197.613,0.4405,0.2209,5765168
2017,FI,Finland,CME,63014.5212,52305.1574,0.4448,0.2793,5508396
2017,JP,Japan,CME,50502.5866,29344.6095,0.5144,0.4334,127064690
2017,NL,Netherlands,CME,72294.3478,60387.0344,0.4189,0.3012,17315370
2017,NO,Norway,CME,96470.0516,81768.6573,0.403,0.2764,5276802
2017,SE,Sweden,CME,68606.3803,55241.1849,0.4007,0.2457,10057862
2017,AU,Australia,LME,67490.6091,63524.0431,0.4875,0.3876,24731038
2017,CA,Canada,LME,63757.6522,53560.9661,0.4878,0.3614,36808497
2017,GB,United Kingdom,LME,58207.3711,50889.5283,0.468,0.3149,66354471
2017,NZ,New Zealand,LME,50759.1629,45704.7682,0.4192,0.3237,4812752
2017,US,United States,LME,73897.2,73897.2,0.5805,0.4864,332204660
2018,AT,Austria,CME,72377.809,56635.5088,0.4192,0.305,8841650
2018,BE,Belgium,CME,67308.4709,52183.9604,0.4489,0.2803,11428605
2018,CH,Switzerland,CME,89829.5575,97749.659,0.4163,0.2802,8516344
2018,DE,Germany,CME,69537.3489,53507.2516,0.4878,0.3649,83368505
2018,DK,Denmark,CME,75143.9393,63121.1964,0.442,0.2321,5793824
2018,FI,Finland,CME,63699.5741,52873.7851,0.4425,0.2823,5515736
2018,JP,Japan,CME,50887.9525,29568.527,0.5144,0.434,126913432
2018,NL,Netherlands,CME,73551.2385,61436.9077,0.4144,0.2992,17421280
2018,NO,Norway,CME,96629.6478,81903.9321,0.4126,0.2783,5311752
2018,SE,Sweden,CME,69136.2695,55667.8465,0.3961,0.2466,10175405
2018,AU,Australia,LME,68136.5506,64132.0213,0.4798,0.3777,25119706
2018,CA,Canada,LME,64673.446,54330.2981,0.4845,0.356,37295005
2018,GB,United Kingdom,LME,58672.6516,51296.3136,0.4689,0.3314,66752475
2018,NZ,New Zealand,LME,51844.4626,46681.9981,0.408,0.3104,4900847
2018,US,United States,LME,75441.8,75441.8,0.5836,0.4945,335056497
2019,AT,Austria,CME,73251.6936,57319.322,0.4149,0.3026,8880876
2019,BE,Belgium,CME,68514.1982,53118.7555,0.4501,0.285,11490618
2019,CH,Switzerland,CME,90119.9279,98065.6308,0.4127,0.2723,8577524
2019,DE,Germany,CME,70124.8231,53959.2982,0.4886,0.368,83559186
2019,DK,Denmark,CME,75993.4579,63834.7953,0.4394,0.2266,5814618
2019,FI,Finland,CME,64426.5294,53477.1938,0.4386,0.2769,5521759
2019,JP,Japan,CME,50769.0365,29499.4307,0.5144,0.4356,126699424
2019,NL,Netherlands,CME,74492.6213,62223.2391,0.4122,0.2937,17537507
2019,NO,Norway,CME,97058.1996,82267.1754,0.3959,0.2649,5347730
2019,SE,Sweden,CME,69797.9763,56200.6463,0.4038,0.2556,10279125
2019,AU,Australia,LME,67763.2375,63780.6486,0.4817,0.3769,25482714
2019,CA,Canada,LME,65043.7328,54641.3653,0.483,0.3535,37782935
2019,GB,United Kingdom,LME,59317.1866,51859.8176,0.4663,0.3293,67110958
2019,NZ,New Zealand,LME,52381.694,47165.7342,0.4444,0.3248,4989403
2019,US,United States,LME,76677.4,76677.4,0.5805,0.4904,337790067
2020,AT,Austria,CME,68196.0587,53363.2966,0.4149,0.3014,8921405
2020,BE,Belgium,CME,64840.6621,50270.6791,0.4501,0.2757,11540107
2020,CH,Switzerland,CME,87397.9994,95103.7151,0.4127,0.269,8640582
2020,DE,Germany,CME,67385.2768,51851.2858,0.4886,0.3611,83628708
2020,DK,Denmark,CME,73936.0206,62106.54,0.4394,0.227,5831530
2020,FI,Finland,CME,62626.2771,51982.8957,0.4386,0.2768,5529612
2020,JP,Japan,CME,48748.685,28325.5022,0.5144,0.4241,126304543
2020,NL,Netherlands,CME,71194.8897,59468.6637,0.4122,0.293,17636731
2020,NO,Norway,CME,95255.7571,80739.4132,0.3959,0.2795,5379274
2020,SE,Sweden,CME,67791.4362,54584.9999,0.4038,0.2522,10353686
2020,AU,Australia,LME,67682.6189,63704.7681,0.4819,0.3692,25743791
2020,CA,Canada,LME,61113.8535,51339.987,0.4967,0.3192,38171902
2020,GB,United Kingdom,LME,52981.7908,46320.909,0.4663,0.3106,67351861
2020,NZ,New Zealand,LME,51867.152,46702.4282,0.4819,0.3707,5069895
2020,US,United States,LME,74616.6,74616.6,0.5739,0.4564,339436159
2021,AT,Austria,CME,70921.975,55496.3212,0.4146,0.3002,8967057
2021,BE,Belgium,CME,68505.1982,53111.7778,0.4505,0.285,11570844
2021,CH,Switzerland,CME,91320.7036,99372.2766,0.4142,0.2721,8707023
2021,DE,Germany,CME,69460.4792,53448.1023,0.4883,0.3641,83697083
2021,DK,Denmark,CME,78656.0028,66071.3431,0.4412,0.2324,5856776
2021,FI,Finland,CME,64042.8119,53158.6894,0.4352,0.2776,5541075
2021,JP,Japan,CME,50040.8095,29076.2932,0.5144,0.4202,125679338
2021,NL,Netherlands,CME,75203.1887,62816.7718,0.4153,0.3009,17730564
2021,NO,Norway,CME,98441.7946,83439.9198,0.399,0.2949,5408091
2021,SE,Sweden,CME,71527.2474,57593.0384,0.4014,0.2569,10416131
2021,AU,Australia,LME,69316.1916,65242.3323,0.4921,0.3774,25956417
2021,CA,Canada,LME,63705.9478,53517.5307,0.4974,0.3458,38454057
2021,GB,United Kingdom,LME,57308.2049,50103.4055,0.4683,0.3185,67668792
2021,NZ,New Zealand,LME,53231.2946,47930.7349,0.4999,0.394,5107697
2021,US,United States,LME,78776.1,78776.1,0.5831,0.451,340161441
2022,AT,Austria,CME,73487.7933,57504.0696,0.4144,0.3027,9064677
2022,BE,Belgium,CME,70611.3442,54744.6635,0.4506,0.2869,11641820
2022,CH,Switzerland,CME,92718.0534,100892.8281,0.4234,0.2852,8792182
2022,DE,Germany,CME,70387.7983,54161.6511,0.49,0.3654,84086227
2022,DK,Denmark,CME,80172.7984,67345.4573,0.4417,0.2359,5902904
2022,FI,Finland,CME,64315.5656,53385.0884,0.433,0.2785,5569299
2022,JP,Japan,CME,50840.4054,29540.8997,0.5144,0.4226,124997578
2022,NL,Netherlands,CME,77696.793,64899.6645,0.4241,0.3113,17904421
2022,NO,Norway,CME,100760.5595,85405.3203,0.4055,0.3146,5456801
2022,SE,Sweden,CME,73053.3255,58821.8216,0.3971,0.2588,10487338
2022,AU,Australia,LME,71144.2557,66962.9572,0.4923,0.3787,26200984
2022,CA,Canada,LME,65272.8336,54833.8263,0.5047,0.3617,38821259
2022,GB,United Kingdom,LME,59351.475,51889.7952,0.4694,0.3251,68179315
2022,NZ,New Zealand,LME,54695.1352,49248.8122,0.4649,0.3514,5131734
2022,US,United States,LME,79977.9,79977.9,0.5883,0.462,341534046
2023,AT,Austria,CME,73145.5105,57236.2339,0.4174,0.305,9130429
2023,BE,Belgium,CME,71930.3335,55767.2701,0.4503,0.2859,11712893
2023,CH,Switzerland,CME,93658.2613,101915.9323,0.4184,0.2801,8870561
2023,DE,Germany,CME,69816.5073,53722.0569,0.4901,0.3646,84548231
2023,DK,Denmark,CME,81548.3246,68500.9046,0.4401,0.2373,5948136
2023,FI,Finland,CME,63977.889,53104.8002,0.4173,0.2616,5601185
2023,JP,Japan,CME,51954.4474,30188.2156,0.5144,0.4287,124370947
2023,NL,Netherlands,CME,76946.257,64272.7463,0.4333,0.3191,18092524
2023,NO,Norway,CME,100099.7672,84845.2284,0.4054,0.3074,5519167
2023,SE,Sweden,CME,72383.5393,58282.5163,0.3913,0.2539,10551494
2023,AU,Australia,LME,72144.7206,67904.6227,0.4936,0.3793,26451124
2023,CA,Canada,LME,65284.4975,54843.6248,0.5047,0.3631,39299105
2023,GB,United Kingdom,LME,59116.5199,51684.3787,0.4672,0.319,68682962
2023,NZ,New Zealand,LME,54904.4198,49437.257,0.4649,0.3558,5172836
2023,US,United States,LME,81821.9,81821.9,0.5869,0.4673,343477335
2024,AT,Austria,CME,72363.6787,56624.4519,0.4174,0.307,9120813
2024,BE,Belgium,CME,72486.674,56198.5984,0.4503,0.2874,11738763
2024,CH,Switzerland,CME,94300.24,102614.5131,0.4184,0.2814,8921981
2024,DE,Germany,CME,69651.7466,53595.2777,0.4901,0.3674,84552242
2024,DK,Denmark,CME,84507.1171,70986.3016,0.4401,0.2375,5977412
2024,FI,Finland,CME,63709.0151,52881.6216,0.4173,0.2633,5617310
2024,JP,Japan,CME,52257.6058,30364.3663,0.5144,0.431,123753041
2024,NL,Netherlands,CME,77119.6257,64417.5601,0.4333,0.3189,18228742
2024,NO,Norway,CME,101148.623,85734.2455,0.4054,0.30620000000000003,5576660
2024,SE,Sweden,CME,72705.832,58542.0232,0.3913,0.2543,10606999
2024,AU,Australia,LME,72178.4712,67936.3897,0.4936,0.3802,26713205
2024,CA,Canada,LME,65542.9323,55060.7284,0.5047,0.3642,39742430
2024,GB,United Kingdom,LME,59373.7552,51909.2744,0.4672,0.3217,69138192
2024,NZ,New Zealand,LME,54208.43,48810.5712,0.4649,0.3567,5213944
2024,US,United States,LME,83635.5,83635.5,0.5869,0.4673,345426571
